<Request>
  <Subject SubjectCategory="urn:oasis:names:tc:xacml:1.0:subject-category:access-subject">
    <Attribute AttributeId="isMeeting" DataType="http://www.w3.org/2001/XMLSchema#string"><AttributeValue>true</AttributeValue></Attribute>
    <Attribute AttributeId="isConflicted" DataType="http://www.w3.org/2001/XMLSchema#string"><AttributeValue>true</AttributeValue></Attribute>
  </Subject>
  <Resource>
    <Attribute AttributeId="urn:oasis:names:tc:xacml:1.0:resource:resource-id" DataType="http://www.w3.org/2001/XMLSchema#string"><AttributeValue>DEFAULT RESOURCE</AttributeValue></Attribute>
    <Attribute AttributeId="resource-class" DataType="http://www.w3.org/2001/XMLSchema#string"><AttributeValue>paper-review-content-rating_rc</AttributeValue></Attribute>
    <Attribute AttributeId="resource-class" DataType="http://www.w3.org/2001/XMLSchema#string"><AttributeValue>pcMember-info-password_rc</AttributeValue></Attribute>
  </Resource>
  <Action>
    <Attribute AttributeId="action-type" DataType="http://www.w3.org/2001/XMLSchema#string"><AttributeValue>delete</AttributeValue></Attribute>
  </Action>
</Request>
