<Request>
  <Subject SubjectCategory="urn:oasis:names:tc:xacml:1.0:subject-category:access-subject">
    <Attribute AttributeId="role" DataType="http://www.w3.org/2001/XMLSchema#string"><AttributeValue>subreviewer</AttributeValue></Attribute>
    <Attribute AttributeId="role" DataType="http://www.w3.org/2001/XMLSchema#string"><AttributeValue>pc-chair</AttributeValue></Attribute>
  </Subject>
  <Resource>
    <Attribute AttributeId="resource-class" DataType="http://www.w3.org/2001/XMLSchema#string"><AttributeValue>paper-submission-info_rc</AttributeValue></Attribute>
    <Attribute AttributeId="resource-class" DataType="http://www.w3.org/2001/XMLSchema#string"><AttributeValue>paper-conflicts_rc</AttributeValue></Attribute>
    <Attribute AttributeId="urn:oasis:names:tc:xacml:1.0:resource:resource-id" DataType="http://www.w3.org/2001/XMLSchema#string"><AttributeValue>DEFAULT RESOURCE</AttributeValue></Attribute>
  </Resource>
  <Action>
    <Attribute AttributeId="action-type" DataType="http://www.w3.org/2001/XMLSchema#string"><AttributeValue>write</AttributeValue></Attribute>
  </Action>
</Request>
