<Request>
  <Subject SubjectCategory="urn:oasis:names:tc:xacml:1.0:subject-category:access-subject">
    <Attribute AttributeId="isReviewContentInPlace" DataType="http://www.w3.org/2001/XMLSchema#string"><AttributeValue>true</AttributeValue></Attribute>
    <Attribute AttributeId="role" DataType="http://www.w3.org/2001/XMLSchema#string"><AttributeValue>pc-member</AttributeValue></Attribute>
  </Subject>
  <Resource>
    <Attribute AttributeId="isEq-meetingPaper-resId" DataType="http://www.w3.org/2001/XMLSchema#string"><AttributeValue>true</AttributeValue></Attribute>
    <Attribute AttributeId="urn:oasis:names:tc:xacml:1.0:resource:resource-id" DataType="http://www.w3.org/2001/XMLSchema#string"><AttributeValue>DEFAULT RESOURCE</AttributeValue></Attribute>
    <Attribute AttributeId="phase" DataType="http://www.w3.org/2001/XMLSchema#string"><AttributeValue>discussion</AttributeValue></Attribute>
  </Resource>
  <Action>
    <Attribute AttributeId="action-type" DataType="http://www.w3.org/2001/XMLSchema#string"><AttributeValue>create</AttributeValue></Attribute>
  </Action>
</Request>
